timestamp,job_name,status,duration_seconds,severity,error_message
2025-01-01 00:00:00.000000000,system_health_check,SUCCESS,160,INFO,
2025-01-01 07:16:21.818181818,payment_reconciliation,SUCCESS,108,INFO,
2025-01-01 14:32:43.636363636,inventory_sync,SUCCESS,272,INFO,
2025-01-01 21:49:05.454545454,report_etl,SUCCESS,261,INFO,
2025-01-02 05:05:27.272727272,erp_sync,FAILED,153,ERROR,Query timeout
2025-01-02 12:21:49.090909090,system_health_check,SUCCESS,121,INFO,
2025-01-02 19:38:10.909090909,warehouse_sync,WARNING,69,WARNING,
2025-01-03 02:54:32.727272727,sales_export,SUCCESS,11,INFO,
2025-01-03 10:10:54.545454545,data_validation,SUCCESS,263,INFO,
2025-01-03 17:27:16.363636363,data_validation,FAILED,149,ERROR,Resource unavailable
2025-01-04 00:43:38.181818181,report_export,FAILED,46,ERROR,Network error
2025-01-04 08:00:00.000000000,log_rotation,SUCCESS,169,INFO,
2025-01-04 15:16:21.818181818,security_scan,FAILED,18,ERROR,Resource unavailable
2025-01-04 22:32:43.636363636,report_export,SUCCESS,242,INFO,
2025-01-05 05:49:05.454545454,product_etl,SUCCESS,108,INFO,
2025-01-05 13:05:27.272727272,user_export,SUCCESS,156,INFO,
2025-01-05 20:21:49.090909090,sales_etl,SUCCESS,217,INFO,
2025-01-06 03:38:10.909090909,report_export,SUCCESS,140,INFO,
2025-01-06 10:54:32.727272727,invoice_generation,SUCCESS,161,INFO,
2025-01-06 18:10:54.545454545,index_rebuild,SUCCESS,63,INFO,
2025-01-07 01:27:16.363636363,sales_etl,SUCCESS,129,INFO,
2025-01-07 08:43:38.181818181,erp_sync,SUCCESS,170,INFO,
2025-01-07 16:00:00.000000000,billing_sync,WARNING,125,WARNING,
2025-01-07 23:16:21.818181818,data_cleaning,SUCCESS,84,INFO,
2025-01-08 06:32:43.636363636,user_export,SUCCESS,122,INFO,
2025-01-08 13:49:05.454545454,analytics_export,FAILED,113,ERROR,Out of memory
2025-01-08 21:05:27.272727272,backup_export,SUCCESS,263,INFO,
2025-01-09 04:21:49.090909091,data_export,SUCCESS,236,INFO,
2025-01-09 11:38:10.909090909,customer_sync,SUCCESS,121,INFO,
2025-01-09 18:54:32.727272727,inventory_sync,SUCCESS,108,INFO,
2025-01-10 02:10:54.545454545,product_etl,WARNING,162,WARNING,
2025-01-10 09:27:16.363636363,cache_cleanup,FAILED,203,ERROR,Database locked
2025-01-10 16:43:38.181818181,analytics_etl,SUCCESS,172,INFO,
2025-01-11 00:00:00.000000000,erp_sync,WARNING,217,WARNING,
2025-01-11 07:16:21.818181818,sales_aggregation,FAILED,178,ERROR,Authentication failed
2025-01-11 14:32:43.636363636,system_health_check,SUCCESS,170,INFO,
2025-01-11 21:49:05.454545454,order_sync,WARNING,77,WARNING,
2025-01-12 05:05:27.272727272,inventory_etl,SUCCESS,298,INFO,
2025-01-12 12:21:49.090909091,analytics_export,FAILED,286,ERROR,Disk full
2025-01-12 19:38:10.909090909,data_enrichment,WARNING,144,WARNING,
2025-01-13 02:54:32.727272727,sales_aggregation,SUCCESS,204,INFO,
2025-01-13 10:10:54.545454545,audit_export,SUCCESS,137,INFO,
2025-01-13 17:27:16.363636363,sales_etl,SUCCESS,42,INFO,
2025-01-14 00:43:38.181818181,crm_sync,SUCCESS,185,INFO,
2025-01-14 08:00:00.000000000,data_export,FAILED,31,ERROR,Query timeout
2025-01-14 15:16:21.818181818,analytics_etl,WARNING,247,WARNING,
2025-01-14 22:32:43.636363636,report_etl,SUCCESS,167,INFO,
2025-01-15 05:49:05.454545454,database_backup,SUCCESS,47,INFO,
2025-01-15 13:05:27.272727272,data_enrichment,SUCCESS,239,INFO,
2025-01-15 20:21:49.090909091,product_sync,SUCCESS,60,INFO,
2025-01-16 03:38:10.909090909,log_rotation,SUCCESS,273,INFO,
2025-01-16 10:54:32.727272727,security_scan,SUCCESS,292,INFO,
2025-01-16 18:10:54.545454545,inventory_etl,WARNING,36,WARNING,
2025-01-17 01:27:16.363636363,sales_etl,SUCCESS,235,INFO,
2025-01-17 08:43:38.181818182,order_etl,SUCCESS,286,INFO,
2025-01-17 16:00:00.000000000,inventory_etl,FAILED,295,ERROR,Deadlock detected
2025-01-17 23:16:21.818181818,payment_reconciliation,SUCCESS,106,INFO,
2025-01-18 06:32:43.636363636,order_sync,TIMEOUT,293,ERROR,Resource unavailable
2025-01-18 13:49:05.454545454,audit_export,TIMEOUT,156,ERROR,Network error
2025-01-18 21:05:27.272727272,financial_reporting,SUCCESS,13,INFO,
2025-01-19 04:21:49.090909091,revenue_calculation,SUCCESS,44,INFO,
2025-01-19 11:38:10.909090909,log_rotation,SUCCESS,201,INFO,
2025-01-19 18:54:32.727272727,data_enrichment,SUCCESS,58,INFO,
2025-01-20 02:10:54.545454545,payroll_processing,SUCCESS,26,INFO,
2025-01-20 09:27:16.363636363,inventory_sync,SUCCESS,181,INFO,
2025-01-20 16:43:38.181818182,report_etl,SUCCESS,229,INFO,
2025-01-21 00:00:00.000000000,data_enrichment,SUCCESS,167,INFO,
2025-01-21 07:16:21.818181818,sales_export,SUCCESS,55,INFO,
2025-01-21 14:32:43.636363636,security_scan,WARNING,15,WARNING,
2025-01-21 21:49:05.454545454,erp_sync,SUCCESS,108,INFO,
2025-01-22 05:05:27.272727272,customer_sync,SUCCESS,242,INFO,
2025-01-22 12:21:49.090909091,order_sync,SUCCESS,46,INFO,
2025-01-22 19:38:10.909090909,report_export,CANCELLED,289,WARNING,Authentication failed
2025-01-23 02:54:32.727272727,audit_export,SUCCESS,190,INFO,
2025-01-23 10:10:54.545454545,analytics_export,SUCCESS,104,INFO,
2025-01-23 17:27:16.363636363,performance_monitoring,FAILED,108,ERROR,Permission denied
2025-01-24 00:43:38.181818182,payment_reconciliation,SUCCESS,197,INFO,
2025-01-24 08:00:00.000000000,inventory_sync,FAILED,125,ERROR,Query timeout
2025-01-24 15:16:21.818181818,customer_etl,SUCCESS,200,INFO,
2025-01-24 22:32:43.636363636,analytics_export,SUCCESS,262,INFO,
2025-01-25 05:49:05.454545454,analytics_etl,SUCCESS,170,INFO,
2025-01-25 13:05:27.272727272,sales_aggregation,SUCCESS,265,INFO,
2025-01-25 20:21:49.090909091,report_export,SUCCESS,137,INFO,
2025-01-26 03:38:10.909090909,customer_etl,FAILED,27,ERROR,Permission denied
2025-01-26 10:54:32.727272727,report_etl,SUCCESS,290,INFO,
2025-01-26 18:10:54.545454545,report_export,SUCCESS,232,INFO,
2025-01-27 01:27:16.363636363,data_validation,SUCCESS,63,INFO,
2025-01-27 08:43:38.181818182,product_sync,SUCCESS,67,INFO,
2025-01-27 16:00:00.000000000,report_etl,SUCCESS,183,INFO,
2025-01-27 23:16:21.818181818,database_backup,SUCCESS,289,INFO,
2025-01-28 06:32:43.636363636,database_backup,SUCCESS,123,INFO,
2025-01-28 13:49:05.454545454,billing_sync,SUCCESS,297,INFO,
2025-01-28 21:05:27.272727273,user_data_etl,SUCCESS,160,INFO,
2025-01-29 04:21:49.090909091,system_health_check,SUCCESS,136,INFO,
2025-01-29 11:38:10.909090909,performance_monitoring,SUCCESS,164,INFO,
2025-01-29 18:54:32.727272727,data_export,SUCCESS,282,INFO,
2025-01-30 02:10:54.545454545,analytics_etl,WARNING,113,WARNING,
2025-01-30 09:27:16.363636364,sales_aggregation,SUCCESS,255,INFO,
2025-01-30 16:43:38.181818182,report_etl,SUCCESS,185,INFO,
2025-01-31 00:00:00.000000000,data_cleaning,SUCCESS,48,INFO,
